{"cameraMode":{"drawMode":0,"name":"Shaded","section":"Shading Mode"},"sceneLighting":false,"audioPlay":false,"sceneViewState":{"showFog":true,"showMaterialUpdate":false,"showSkybox":true,"showFlares":true,"showImageEffects":true,"showParticleSystems":true},"in2DMode":false,"pivot":{"x":24.44986915588379,"y":1.9149360656738282,"z":1.0238606929779053},"rotation":{"x":-0.0021228885743767025,"y":-0.7463093996047974,"z":-0.00238021626137197,"w":0.6655915975570679},"size":2.4282660484313967,"orthographic":false}