{"cameraMode":{"drawMode":0,"name":"Shaded","section":"Shading Mode"},"sceneLighting":true,"audioPlay":false,"sceneViewState":{"showFog":true,"showMaterialUpdate":false,"showSkybox":true,"showFlares":true,"showImageEffects":true,"showParticleSystems":true},"in2DMode":false,"pivot":{"x":41.198577880859378,"y":15.503949165344239,"z":-15.262870788574219},"rotation":{"x":0.009139733389019966,"y":0.9885836243629456,"z":-0.06713850051164627,"w":0.13457846641540528},"size":54.995548248291019,"orthographic":false}